-- =====================================================================
-- Noa 開発用ダミーデータ (development seed)
-- 配置: src/main/resources/db/migration/V100__seed_dev_data.sql
--   → アプリ起動時に Flyway が自動投入します。
--   （手動で流す場合: psql -d noa -f V100__seed_dev_data.sql）
--
-- 前提:
--   - 各テーブルの id は自動採番（SERIAL/BIGSERIAL もしくは
--     GENERATED BY DEFAULT AS IDENTITY）で、明示INSERTが可能なこと。
--     ※ GENERATED ALWAYS AS IDENTITY の場合は各INSERTに
--       OVERRIDING SYSTEM VALUE を付けるか、採番方式を BY DEFAULT に。
--   - password は開発段階のため平文（本番ではハッシュ化に戻す）。
--   - 末尾でシーケンスを採番済みの最大IDに合わせ直します。
--
-- 開発用ログイン: 全ユーザー共通パスワード = password1
-- =====================================================================

-- ---------- users (6人 / Noa-001 のみ ADMIN) ----------
INSERT INTO users (id, handle, employee_no, email, password, role, status, email_verified, bio, created_at, updated_at) VALUES
 (1, 'Noa-001', 'A1001', 'user001@skywill.jp', 'password1', 'ADMIN', 'ACTIVE', true, 'バックエンド中心。Spring Boot とアーキテクチャの話が好きです。', now() - interval '30 days', now() - interval '30 days'),
 (2, 'Noa-002', 'A1002', 'user002@skywill.jp', 'password1', 'USER',  'ACTIVE', true, 'フロントエンド担当。React と TypeScript をやっています。', now() - interval '29 days', now() - interval '29 days'),
 (3, 'Noa-003', 'A1003', 'user003@skywill.jp', 'password1', 'USER',  'ACTIVE', true, 'サーバサイドと DB。PostgreSQL のチューニングが趣味。', now() - interval '28 days', now() - interval '28 days'),
 (4, 'Noa-004', 'A1004', 'user004@skywill.jp', 'password1', 'USER',  'ACTIVE', true, 'UI/UX とデザイン。Figma を触っていることが多いです。', now() - interval '27 days', now() - interval '27 days'),
 (5, 'Noa-005', 'A1005', 'user005@skywill.jp', 'password1', 'USER',  'ACTIVE', true, 'インフラ・基盤。Docker と AWS まわり担当。', now() - interval '26 days', now() - interval '26 days'),
 (6, 'Noa-006', 'A1006', 'user006@skywill.jp', 'password1', 'USER',  'ACTIVE', true, '機械学習に興味あり。最近はレコメンドを勉強中。', now() - interval '25 days', now() - interval '25 days');

-- ---------- tags (共通語彙: 投稿タグ・興味タグ兼用) ----------
INSERT INTO tags (id, name, created_at) VALUES
 (1,'java', now() - interval '30 days'),
 (2,'spring boot', now() - interval '30 days'),
 (3,'react', now() - interval '30 days'),
 (4,'typescript', now() - interval '30 days'),
 (5,'postgresql', now() - interval '30 days'),
 (6,'docker', now() - interval '30 days'),
 (7,'aws', now() - interval '30 days'),
 (8,'python', now() - interval '30 days'),
 (9,'css', now() - interval '30 days'),
 (10,'figma', now() - interval '30 days'),
 (11,'機械学習', now() - interval '30 days'),
 (12,'コーヒー', now() - interval '30 days'),
 (13,'登山', now() - interval '30 days'),
 (14,'ゲーム', now() - interval '30 days'),
 (15,'カフェ巡り', now() - interval '30 days'),
 (16,'ランニング', now() - interval '30 days'),
 (17,'読書', now() - interval '30 days'),
 (18,'基本情報技術者', now() - interval '30 days'),
 (19,'応用情報技術者', now() - interval '30 days'),
 (20,'aws saa', now() - interval '30 days'),
 (21,'雑談', now() - interval '30 days'),
 (22,'質問', now() - interval '30 days'),
 (23,'案件', now() - interval '30 days');

-- ---------- user_tags (プロフィールの興味タグ / TECH・HOBBY・CERT) ----------
INSERT INTO user_tags (user_id, tag_id, category) VALUES
 (1,1,'TECH'),(1,2,'TECH'),(1,12,'HOBBY'),(1,18,'CERT'),
 (2,3,'TECH'),(2,4,'TECH'),(2,13,'HOBBY'),
 (3,1,'TECH'),(3,5,'TECH'),(3,14,'HOBBY'),(3,19,'CERT'),
 (4,10,'TECH'),(4,9,'TECH'),(4,15,'HOBBY'),
 (5,6,'TECH'),(5,7,'TECH'),(5,16,'HOBBY'),(5,20,'CERT'),
 (6,8,'TECH'),(6,11,'TECH'),(6,17,'HOBBY');

-- ---------- posts (投稿1-22 = 親, 23-30 = 返信) ----------
-- parent_id が NULL = 通常投稿 / 値あり = その投稿への返信
INSERT INTO posts (id, author_id, parent_id, body, is_deleted, deleted_at, created_at, updated_at) VALUES
 (1, 1, NULL, 'Spring Boot で @Transactional の境界、サービス層に付けるかリポジトリ層か、みんなどうしてる？', false, NULL, now() - interval '220 hours', now() - interval '220 hours'),
 (2, 2, NULL, 'React の useEffect の依存配列、ESLint の exhaustive-deps を入れてから事故が減った。', false, NULL, now() - interval '210 hours', now() - interval '210 hours'),
 (3, 3, NULL, 'PostgreSQL で LIKE の部分一致が遅い…pg_trgm の GIN インデックス試した人いる？', false, NULL, now() - interval '200 hours', now() - interval '200 hours'),
 (4, 4, NULL, '今日の昼、新しくできたカフェに行ってきた。エスプレッソが当たりだった。', false, NULL, now() - interval '190 hours', now() - interval '190 hours'),
 (5, 5, NULL, 'docker compose でローカルの DB ごと立てるようにしたら、環境構築が一気に楽になった。', false, NULL, now() - interval '180 hours', now() - interval '180 hours'),
 (6, 6, NULL, 'レコメンドの素振りで LightFM を触っている。タグを特徴量に入れられるのが便利。', false, NULL, now() - interval '170 hours', now() - interval '170 hours'),
 (7, 1, NULL, 'Java の record、DTO にすごく便利。ボイラープレートが消える。', false, NULL, now() - interval '160 hours', now() - interval '160 hours'),
 (8, 2, NULL, 'Flexbox と grid、未だにどっちを使うか毎回迷う。', false, NULL, now() - interval '150 hours', now() - interval '150 hours'),
 (9, 3, NULL, '週末に Switch の新作をやっていた。全然進捗が出ていない。', false, NULL, now() - interval '140 hours', now() - interval '140 hours'),
 (10, 5, NULL, '朝ランしてから出社すると頭が冴える気がする。', false, NULL, now() - interval '130 hours', now() - interval '130 hours'),
 (11, 1, NULL, 'Spring Security のセッション認証、思ったよりすんなり動いた。', false, NULL, now() - interval '120 hours', now() - interval '120 hours'),
 (12, 4, NULL, 'Figma のコンポーネントを整理した。デザインの再利用が捗る。', false, NULL, now() - interval '110 hours', now() - interval '110 hours'),
 (13, 6, NULL, '『リーダブルコード』を読み返している。やっぱり名前付けが大事。', false, NULL, now() - interval '100 hours', now() - interval '100 hours'),
 (14, 2, NULL, 'TypeScript の satisfies 演算子、型を緩めずに補完を効かせられて良い。', false, NULL, now() - interval '92 hours', now() - interval '92 hours'),
 (15, 3, NULL, 'JPA の N+1 問題、fetch join と EntityGraph どっちで対処してる？', false, NULL, now() - interval '84 hours', now() - interval '84 hours'),
 (16, 5, NULL, 'AWS のコスト、気づいたら地味に増えている。タグを付けて可視化したい。', false, NULL, now() - interval '76 hours', now() - interval '76 hours'),
 (17, 1, NULL, '新しい案件のキックオフだった。要件整理から丁寧にやっていきたい。', false, NULL, now() - interval '68 hours', now() - interval '68 hours'),
 (18, 6, NULL, '埋め込みベクトルでの類似検索、pgvector が手軽でいいらしい。', false, NULL, now() - interval '60 hours', now() - interval '60 hours'),
 (19, 4, NULL, 'デスクに小さいコーヒーミルを置いた。挽きたては違う。', false, NULL, now() - interval '52 hours', now() - interval '52 hours'),
 (20, 2, NULL, '状態管理、結局 TanStack Query でだいぶ済むようになった。', false, NULL, now() - interval '44 hours', now() - interval '44 hours'),
 (21, 3, NULL, 'EXPLAIN ANALYZE が読めるようになると、遅いクエリの原因がすぐ分かる。', false, NULL, now() - interval '36 hours', now() - interval '36 hours'),
 (22, 5, NULL, '間違えて投稿しちゃった、消します。', true, now() - interval '4 hours', now() - interval '5 hours', now() - interval '4 hours'),
 -- 返信
 (23, 3, 1, 'サービス層に付けています。トランザクション境界＝ユースケース境界だと思っているので。', false, NULL, now() - interval '190 hours', now() - interval '190 hours'),
 (24, 2, 1, '自分もサービス層派。リポジトリに付けると粒度が細かすぎる気がする。', false, NULL, now() - interval '188 hours', now() - interval '188 hours'),
 (25, 1, 3, 'pg_trgm の GIN、効きましたよ。LIKE の前後%でもインデックスが使われるようになった。', false, NULL, now() - interval '150 hours', now() - interval '150 hours'),
 (26, 6, 3, '件数次第ですが、全文検索が必要なら別の手も検討の価値ありです。', false, NULL, now() - interval '148 hours', now() - interval '148 hours'),
 (27, 5, 4, 'そのカフェ気になってました、行ってみます。', false, NULL, now() - interval '185 hours', now() - interval '185 hours'),
 (28, 1, 15, 'EntityGraph を使っています。アノテーションで宣言的に書けるので。', false, NULL, now() - interval '80 hours', now() - interval '80 hours'),
 (29, 3, 6, 'LightFM いいですよね。ハイブリッドなのでコールドスタートにも比較的強い。', false, NULL, now() - interval '165 hours', now() - interval '165 hours'),
 (30, 4, 9, '新作気になる！ネタバレなしで感想聞きたいです。', false, NULL, now() - interval '138 hours', now() - interval '138 hours');

-- ---------- post_tags (投稿へのタグ付け) ----------
INSERT INTO post_tags (post_id, tag_id) VALUES
 (1,2),(1,22),
 (2,3),
 (3,5),(3,22),
 (4,21),(4,12),
 (5,6),
 (6,8),(6,11),
 (7,1),
 (8,9),
 (9,14),(9,21),
 (10,16),(10,21),
 (11,2),
 (12,10),
 (13,17),
 (14,4),
 (15,1),(15,22),
 (16,7),
 (17,23),(17,21),
 (18,11),
 (19,12),(19,21),
 (20,3),
 (21,5),
 (25,5);

-- ---------- follows (人のフォロー / nickname は付与者のみ可視) ----------
INSERT INTO follows (follower_id, followee_id, nickname, created_at) VALUES
 (2,1,'Springの人', now() - interval '20 days'),
 (3,1, NULL, now() - interval '19 days'),
 (3,2,'Reactさん', now() - interval '18 days'),
 (4,1, NULL, now() - interval '17 days'),
 (5,1,'バックの先輩', now() - interval '16 days'),
 (5,3, NULL, now() - interval '15 days'),
 (6,2, NULL, now() - interval '14 days'),
 (6,3,'DBに強い人', now() - interval '13 days'),
 (1,3, NULL, now() - interval '12 days'),
 (2,6, NULL, now() - interval '11 days');

-- ---------- tag_follows (タグ/トピックのフォロー → タイムライン合成に効く) ----------
INSERT INTO tag_follows (user_id, tag_id, created_at) VALUES
 (1,1, now() - interval '20 days'),(1,21, now() - interval '20 days'),
 (2,2, now() - interval '19 days'),(2,1, now() - interval '19 days'),
 (3,3, now() - interval '18 days'),(3,5, now() - interval '18 days'),
 (4,9, now() - interval '17 days'),(4,10, now() - interval '17 days'),
 (5,6, now() - interval '16 days'),(5,7, now() - interval '16 days'),
 (6,11, now() - interval '15 days'),(6,8, now() - interval '15 days');

-- ---------- likes (1人1いいね = UNIQUE(user_id, post_id)) ----------
INSERT INTO likes (user_id, post_id, created_at) VALUES
 (2,1, now() - interval '8 days'),(2,7, now() - interval '6 days'),(2,11, now() - interval '5 days'),(2,17, now() - interval '2 days'),
 (3,1, now() - interval '8 days'),(3,2, now() - interval '8 days'),(3,14, now() - interval '3 days'),(3,20, now() - interval '1 days'),
 (1,2, now() - interval '8 days'),(1,3, now() - interval '8 days'),(1,6, now() - interval '7 days'),(1,15, now() - interval '3 days'),
 (4,4, now() - interval '7 days'),(4,19, now() - interval '2 days'),(4,9, now() - interval '5 days'),
 (5,5, now() - interval '7 days'),(5,10, now() - interval '5 days'),(5,16, now() - interval '3 days'),(5,21, now() - interval '1 days'),
 (6,7, now() - interval '6 days'),(6,18, now() - interval '2 days'),(6,13, now() - interval '4 days'),(6,3, now() - interval '8 days'),
 (2,25, now() - interval '6 days'),(3,23, now() - interval '7 days');

-- ---------- notifications (いいね・返信のみ / フォローは通知しない) ----------
-- recipient = 投稿の作者, actor = 操作した人
INSERT INTO notifications (recipient_id, actor_id, post_id, type, is_read, created_at) VALUES
 (1, 2, 1, 'LIKE',  true,  now() - interval '8 days'),
 (1, 3, 1, 'LIKE',  true,  now() - interval '8 days'),
 (1, 3, 23,'REPLY', true,  now() - interval '190 hours'),
 (1, 2, 24,'REPLY', true,  now() - interval '188 hours'),
 (3, 1, 25,'REPLY', false, now() - interval '150 hours'),
 (3, 6, 26,'REPLY', false, now() - interval '148 hours'),
 (3, 1, 3, 'LIKE',  false, now() - interval '8 days'),
 (3, 5, 21,'LIKE',  false, now() - interval '1 days'),
 (6, 3, 29,'REPLY', false, now() - interval '165 hours'),
 (2, 3, 2, 'LIKE',  true,  now() - interval '8 days');

-- ---------- view_logs (閲覧履歴 / レコメンド・監査の土台, 非公開) ----------
INSERT INTO view_logs (user_id, post_id, viewed_at) VALUES
 (2,1, now() - interval '8 days'),(2,3, now() - interval '7 days'),(2,6, now() - interval '6 days'),(2,15, now() - interval '3 days'),
 (3,1, now() - interval '8 days'),(3,2, now() - interval '8 days'),(3,11, now() - interval '5 days'),(3,20, now() - interval '1 days'),
 (1,2, now() - interval '8 days'),(1,3, now() - interval '8 days'),(1,18, now() - interval '2 days'),
 (4,4, now() - interval '7 days'),(4,9, now() - interval '5 days'),(4,12, now() - interval '4 days'),
 (5,5, now() - interval '7 days'),(5,16, now() - interval '3 days'),(5,21, now() - interval '1 days'),
 (6,6, now() - interval '7 days'),(6,13, now() - interval '4 days'),(6,3, now() - interval '8 days');

-- ---------- シーケンスを採番済みの最大IDに合わせ直す ----------
-- （明示IDで入れたテーブルのみ。pg_get_serial_sequence は SERIAL / IDENTITY 両対応）
SELECT setval(pg_get_serial_sequence('users','id'),         (SELECT MAX(id) FROM users));
SELECT setval(pg_get_serial_sequence('tags','id'),          (SELECT MAX(id) FROM tags));
SELECT setval(pg_get_serial_sequence('posts','id'),         (SELECT MAX(id) FROM posts));
SELECT setval(pg_get_serial_sequence('user_tags','id'),     (SELECT MAX(id) FROM user_tags));
SELECT setval(pg_get_serial_sequence('post_tags','id'),     (SELECT MAX(id) FROM post_tags));
SELECT setval(pg_get_serial_sequence('follows','id'),       (SELECT MAX(id) FROM follows));
SELECT setval(pg_get_serial_sequence('tag_follows','id'),   (SELECT MAX(id) FROM tag_follows));
SELECT setval(pg_get_serial_sequence('likes','id'),         (SELECT MAX(id) FROM likes));
SELECT setval(pg_get_serial_sequence('notifications','id'), (SELECT MAX(id) FROM notifications));
SELECT setval(pg_get_serial_sequence('view_logs','id'),     (SELECT MAX(id) FROM view_logs));
